,year,name,gender,count
942,1880,John,M,9655
943,1880,William,M,9532
944,1880,James,M,5927
945,1880,Charles,M,5348
946,1880,George,M,5126
947,1880,Frank,M,3242
948,1880,Joseph,M,2632
949,1880,Thomas,M,2534
950,1880,Henry,M,2444
951,1880,Robert,M,2415
952,1880,Edward,M,2364
953,1880,Harry,M,2152
954,1880,Walter,M,1755
955,1880,Arthur,M,1599
956,1880,Fred,M,1569
957,1880,Albert,M,1493
958,1880,Samuel,M,1024
959,1880,David,M,869
960,1880,Louis,M,828
961,1880,Joe,M,731
962,1880,Charlie,M,730
963,1880,Clarence,M,730
964,1880,Richard,M,728
965,1880,Andrew,M,644
966,1880,Daniel,M,643
967,1880,Ernest,M,615
968,1880,Will,M,588
969,1880,Jesse,M,569
970,1880,Oscar,M,544
971,1880,Lewis,M,517
972,1880,Peter,M,496
973,1880,Benjamin,M,490
974,1880,Frederick,M,483
975,1880,Willie,M,476
976,1880,Alfred,M,469
977,1880,Sam,M,457
978,1880,Roy,M,440
979,1880,Herbert,M,424
980,1880,Jacob,M,404
981,1880,Tom,M,399
982,1880,Elmer,M,373
983,1880,Carl,M,372
984,1880,Lee,M,361
985,1880,Howard,M,357
986,1880,Martin,M,357
987,1880,Michael,M,354
988,1880,Bert,M,348
989,1880,Herman,M,347
990,1880,Jim,M,345
991,1880,Francis,M,344
992,1880,Harvey,M,344
993,1880,Earl,M,335
994,1880,Eugene,M,328
995,1880,Ralph,M,317
996,1880,Ed,M,310
997,1880,Claude,M,309
998,1880,Edwin,M,309
999,1880,Ben,M,305
1000,1880,Charley,M,305
1001,1880,Paul,M,301
1002,1880,Edgar,M,283
1003,1880,Isaac,M,274
1004,1880,Otto,M,271
1005,1880,Luther,M,260
1006,1880,Lawrence,M,257
1007,1880,Ira,M,249
1008,1880,Patrick,M,248
1009,1880,Guy,M,239
1010,1880,Oliver,M,234
1011,1880,Theodore,M,232
1012,1880,Hugh,M,224
1013,1880,Clyde,M,221
1014,1880,Alexander,M,211
1015,1880,August,M,210
1016,1880,Floyd,M,206
1017,1880,Homer,M,205
1018,1880,Jack,M,204
1019,1880,Leonard,M,200
1020,1880,Horace,M,199
1021,1880,Marion,M,189
1022,1880,Philip,M,186
1023,1880,Allen,M,184
1024,1880,Archie,M,183
1025,1880,Stephen,M,176
1026,1880,Chester,M,168
1027,1880,Willis,M,166
1028,1880,Raymond,M,165
1029,1880,Rufus,M,163
1030,1880,Warren,M,158
1031,1880,Jessie,M,154
1032,1880,Milton,M,149
1033,1880,Alex,M,147
1034,1880,Leo,M,147
1035,1880,Julius,M,143
1036,1880,Ray,M,142
1037,1880,Sidney,M,142
1038,1880,Bernard,M,140
1039,1880,Dan,M,140
1040,1880,Jerry,M,136
1041,1880,Calvin,M,134
1042,1880,Perry,M,134
1043,1880,Dave,M,131
1044,1880,Anthony,M,130
1045,1880,Eddie,M,129
1046,1880,Amos,M,128
1047,1880,Dennis,M,128
1048,1880,Clifford,M,127
1049,1880,Leroy,M,124
1050,1880,Wesley,M,123
1051,1880,Alonzo,M,122
1052,1880,Garfield,M,122
1053,1880,Franklin,M,120
1054,1880,Emil,M,119
1055,1880,Leon,M,118
1056,1880,Nathan,M,114
1057,1880,Harold,M,113
1058,1880,Matthew,M,113
1059,1880,Levi,M,112
1060,1880,Moses,M,111
1061,1880,Everett,M,110
1062,1880,Lester,M,109
1063,1880,Winfield,M,108
1064,1880,Adam,M,104
1065,1880,Lloyd,M,104
1066,1880,Mack,M,104
1067,1880,Fredrick,M,103
1068,1880,Jay,M,103
1069,1880,Jess,M,103
1070,1880,Melvin,M,103
1071,1880,Noah,M,103
1072,1880,Aaron,M,102
1073,1880,Alvin,M,102
1074,1880,Norman,M,102
1075,1880,Gilbert,M,101
1076,1880,Elijah,M,100
1077,1880,Victor,M,100
1078,1880,Gus,M,99
1079,1880,Nelson,M,99
1080,1880,Jasper,M,98
1081,1880,Silas,M,98
1082,1880,Jake,M,96
1083,1880,Christopher,M,95
1084,1880,Mike,M,95
1085,1880,Percy,M,94
1086,1880,Adolph,M,93
1087,1880,Maurice,M,93
1088,1880,Cornelius,M,92
1089,1880,Felix,M,92
1090,1880,Reuben,M,92
1091,1880,Wallace,M,91
1092,1880,Claud,M,90
1093,1880,Roscoe,M,90
1094,1880,Sylvester,M,89
1095,1880,Earnest,M,88
1096,1880,Hiram,M,88
1097,1880,Otis,M,88
1098,1880,Simon,M,88
1099,1880,Willard,M,88
1100,1880,Irvin,M,86
1101,1880,Mark,M,85
1102,1880,Jose,M,84
1103,1880,Wilbur,M,82
1104,1880,Abraham,M,81
1105,1880,Virgil,M,81
1106,1880,Clinton,M,79
1107,1880,Elbert,M,79
1108,1880,Leslie,M,79
1109,1880,Marshall,M,78
1110,1880,Owen,M,78
1111,1880,Wiley,M,78
1112,1880,Anton,M,77
1113,1880,Morris,M,77
1114,1880,Manuel,M,75
1115,1880,Phillip,M,75
1116,1880,Augustus,M,74
1117,1880,Emmett,M,74
1118,1880,Eli,M,73
1119,1880,Nicholas,M,73
1120,1880,Wilson,M,72
1121,1880,Alva,M,70
1122,1880,Harley,M,70
1123,1880,Newton,M,70
1124,1880,Timothy,M,70
1125,1880,Marvin,M,69
1126,1880,Ross,M,69
1127,1880,Curtis,M,68
1128,1880,Edmund,M,67
1129,1880,Jeff,M,66
1130,1880,Elias,M,65
1131,1880,Harrison,M,65
1132,1880,Stanley,M,65
1133,1880,Columbus,M,64
1134,1880,Lon,M,64
1135,1880,Ora,M,64
1136,1880,Ollie,M,63
1137,1880,Pearl,M,62
1138,1880,Russell,M,62
1139,1880,Solomon,M,62
1140,1880,Arch,M,61
1141,1880,Asa,M,60
1142,1880,Clayton,M,60
1143,1880,Enoch,M,60
1144,1880,Irving,M,60
1145,1880,Mathew,M,60
1146,1880,Nathaniel,M,60
1147,1880,Scott,M,60
1148,1880,Hubert,M,59
1149,1880,Lemuel,M,59
1150,1880,Andy,M,58
1151,1880,Ellis,M,58
1152,1880,Emanuel,M,57
1153,1880,Joshua,M,57
1154,1880,Millard,M,56
1155,1880,Vernon,M,56
1156,1880,Wade,M,56
1157,1880,Cyrus,M,54
1158,1880,Miles,M,54
1159,1880,Rudolph,M,54
1160,1880,Sherman,M,54
1161,1880,Austin,M,53
1162,1880,Bill,M,53
1163,1880,Chas,M,53
1164,1880,Lonnie,M,53
1165,1880,Monroe,M,53
1166,1880,Byron,M,52
1167,1880,Edd,M,52
1168,1880,Emery,M,52
1169,1880,Grant,M,52
1170,1880,Jerome,M,52
1171,1880,Max,M,52
1172,1880,Mose,M,52
1173,1880,Steve,M,52
1174,1880,Gordon,M,51
1175,1880,Abe,M,50
1176,1880,Pete,M,50
1177,1880,Chris,M,49
1178,1880,Clark,M,49
1179,1880,Gustave,M,49
1180,1880,Orville,M,49
1181,1880,Lorenzo,M,48
1182,1880,Bruce,M,47
1183,1880,Marcus,M,47
1184,1880,Preston,M,47
1185,1880,Bob,M,46
1186,1880,Dock,M,46
1187,1880,Donald,M,46
1188,1880,Jackson,M,46
1189,1880,Cecil,M,45
1190,1880,Barney,M,44
1191,1880,Delbert,M,44
1192,1880,Edmond,M,44
1193,1880,Anderson,M,43
1194,1880,Christian,M,43
1195,1880,Glenn,M,43
1196,1880,Jefferson,M,43
1197,1880,Luke,M,43
1198,1880,Neal,M,43
1199,1880,Burt,M,42
1200,1880,Ike,M,42
1201,1880,Myron,M,42
1202,1880,Tony,M,42
1203,1880,Conrad,M,41
1204,1880,Joel,M,41
1205,1880,Matt,M,41
1206,1880,Riley,M,41
1207,1880,Vincent,M,41
1208,1880,Emory,M,40
1209,1880,Isaiah,M,40
1210,1880,Nick,M,40
1211,1880,Ezra,M,39
1212,1880,Green,M,39
1213,1880,Juan,M,39
1214,1880,Clifton,M,38
1215,1880,Lucius,M,38
1216,1880,Porter,M,38
1217,1880,Arnold,M,37
1218,1880,Bud,M,37
1219,1880,Jeremiah,M,37
1220,1880,Taylor,M,37
1221,1880,Forrest,M,36
1222,1880,Roland,M,36
1223,1880,Spencer,M,35
1224,1880,Burton,M,34
1225,1880,Don,M,34
1226,1880,Emmet,M,34
1227,1880,Gustav,M,33
1228,1880,Louie,M,33
1229,1880,Morgan,M,33
1230,1880,Ned,M,33
1231,1880,Van,M,33
1232,1880,Ambrose,M,32
1233,1880,Chauncey,M,32
1234,1880,Elisha,M,32
1235,1880,Ferdinand,M,32
1236,1880,General,M,32
1237,1880,Julian,M,32
1238,1880,Kenneth,M,32
1239,1880,Mitchell,M,32
1240,1880,Allie,M,31
1241,1880,Josh,M,31
1242,1880,Judson,M,31
1243,1880,Lyman,M,31
1244,1880,Napoleon,M,31
1245,1880,Pedro,M,31
1246,1880,Berry,M,30
1247,1880,Dewitt,M,30
1248,1880,Ervin,M,30
1249,1880,Forest,M,30
1250,1880,Lynn,M,30
1251,1880,Pink,M,30
1252,1880,Ruben,M,30
1253,1880,Sanford,M,30
1254,1880,Ward,M,30
1255,1880,Douglas,M,29
1256,1880,Ole,M,29
1257,1880,Omer,M,29
1258,1880,Ulysses,M,29
1259,1880,Walker,M,29
1260,1880,Wilbert,M,29
1261,1880,Adelbert,M,28
1262,1880,Benjiman,M,28
1263,1880,Ivan,M,28
1264,1880,Jonas,M,28
1265,1880,Major,M,28
1266,1880,Abner,M,27
1267,1880,Archibald,M,27
1268,1880,Caleb,M,27
1269,1880,Clint,M,27
1270,1880,Dudley,M,27
1271,1880,Granville,M,27
1272,1880,King,M,27
1273,1880,Mary,M,27
1274,1880,Merton,M,27
1275,1880,Antonio,M,26
1276,1880,Bennie,M,26
1277,1880,Carroll,M,26
1278,1880,Freeman,M,26
1279,1880,Josiah,M,26
1280,1880,Milo,M,26
1281,1880,Royal,M,26
1282,1880,Dick,M,25
1283,1880,Earle,M,25
1284,1880,Elza,M,25
1285,1880,Emerson,M,25
1286,1880,Fletcher,M,25
1287,1880,Judge,M,25
1288,1880,Laurence,M,25
1289,1880,Roger,M,25
1290,1880,Seth,M,25
1291,1880,Glen,M,24
1292,1880,Hugo,M,24
1293,1880,Jimmie,M,24
1294,1880,Johnnie,M,24
1295,1880,Neil,M,24
1296,1880,Washington,M,24
1297,1880,Elwood,M,23
1298,1880,Gust,M,23
1299,1880,Harmon,M,23
1300,1880,Jordan,M,23
1301,1880,Simeon,M,23
1302,1880,Wayne,M,23
1303,1880,Wilber,M,23
1304,1880,Clem,M,22
1305,1880,Evan,M,22
1306,1880,Frederic,M,22
1307,1880,Irwin,M,22
1308,1880,Junius,M,22
1309,1880,Lafayette,M,22
1310,1880,Loren,M,22
1311,1880,Madison,M,22
1312,1880,Mason,M,22
1313,1880,Orval,M,22
1314,1880,Abram,M,21
1315,1880,Aubrey,M,21
1316,1880,Elliott,M,21
1317,1880,Hans,M,21
1318,1880,Karl,M,21
1319,1880,Minor,M,21
1320,1880,Wash,M,21
1321,1880,Wilfred,M,21
1322,1880,Allan,M,20
1323,1880,Alphonse,M,20
1324,1880,Dallas,M,20
1325,1880,Dee,M,20
1326,1880,Isiah,M,20
1327,1880,Jason,M,20
1328,1880,Johnny,M,20
1329,1880,Lawson,M,20
1330,1880,Lew,M,20
1331,1880,Micheal,M,20
1332,1880,Orin,M,20
1333,1880,Addison,M,19
1334,1880,Cal,M,19
1335,1880,Erastus,M,19
1336,1880,Francisco,M,19
1337,1880,Hardy,M,19
1338,1880,Lucien,M,19
1339,1880,Randolph,M,19
1340,1880,Stewart,M,19
1341,1880,Vern,M,19
1342,1880,Wilmer,M,19
1343,1880,Zack,M,19
1344,1880,Adrian,M,18
1345,1880,Alvah,M,18
1346,1880,Bertram,M,18
1347,1880,Clay,M,18
1348,1880,Ephraim,M,18
1349,1880,Fritz,M,18
1350,1880,Giles,M,18
1351,1880,Grover,M,18
1352,1880,Harris,M,18
1353,1880,Isom,M,18
1354,1880,Jesus,M,18
1355,1880,Johnie,M,18
1356,1880,Jonathan,M,18
1357,1880,Lucian,M,18
1358,1880,Malcolm,M,18
1359,1880,Merritt,M,18
1360,1880,Otho,M,18
1361,1880,Perley,M,18
1362,1880,Rolla,M,18
1363,1880,Sandy,M,18
1364,1880,Tomas,M,18
1365,1880,Wilford,M,18
1366,1880,Adolphus,M,17
1367,1880,Angus,M,17
1368,1880,Arther,M,17
1369,1880,Carlos,M,17
1370,1880,Cary,M,17
1371,1880,Cassius,M,17
1372,1880,Davis,M,17
1373,1880,Hamilton,M,17
1374,1880,Harve,M,17
1375,1880,Israel,M,17
1376,1880,Leander,M,17
1377,1880,Melville,M,17
1378,1880,Merle,M,17
1379,1880,Murray,M,17
1380,1880,Pleasant,M,17
1381,1880,Sterling,M,17
1382,1880,Steven,M,17
1383,1880,Axel,M,16
1384,1880,Boyd,M,16
1385,1880,Bryant,M,16
1386,1880,Clement,M,16
1387,1880,Erwin,M,16
1388,1880,Ezekiel,M,16
1389,1880,Foster,M,16
1390,1880,Frances,M,16
1391,1880,Geo,M,16
1392,1880,Houston,M,16
1393,1880,Issac,M,16
1394,1880,Jules,M,16
1395,1880,Larkin,M,16
1396,1880,Mat,M,16
1397,1880,Morton,M,16
1398,1880,Orlando,M,16
1399,1880,Pierce,M,16
1400,1880,Prince,M,16
1401,1880,Rollie,M,16
1402,1880,Rollin,M,16
1403,1880,Sim,M,16
1404,1880,Stuart,M,16
1405,1880,Wilburn,M,16
1406,1880,Bennett,M,15
1407,1880,Casper,M,15
1408,1880,Christ,M,15
1409,1880,Dell,M,15
1410,1880,Egbert,M,15
1411,1880,Elmo,M,15
1412,1880,Fay,M,15
1413,1880,Gabriel,M,15
1414,1880,Hector,M,15
1415,1880,Horatio,M,15
1416,1880,Lige,M,15
1417,1880,Saul,M,15
1418,1880,Smith,M,15
1419,1880,Squire,M,15
1420,1880,Tobe,M,15
1421,1880,Tommie,M,15
1422,1880,Wyatt,M,15
1423,1880,Alford,M,14
1424,1880,Alma,M,14
1425,1880,Alton,M,14
1426,1880,Andres,M,14
1427,1880,Burl,M,14
1428,1880,Cicero,M,14
1429,1880,Dean,M,14
1430,1880,Dorsey,M,14
1431,1880,Enos,M,14
1432,1880,Howell,M,14
1433,1880,Lou,M,14
1434,1880,Loyd,M,14
1435,1880,Mahlon,M,14
1436,1880,Nat,M,14
1437,1880,Omar,M,14
1438,1880,Oran,M,14
1439,1880,Parker,M,14
1440,1880,Raleigh,M,14
1441,1880,Reginald,M,14
1442,1880,Rubin,M,14
1443,1880,Seymour,M,14
1444,1880,Wm,M,14
1445,1880,Young,M,14
1446,1880,Benjamine,M,13
1447,1880,Carey,M,13
1448,1880,Carlton,M,13
1449,1880,Eldridge,M,13
1450,1880,Elzie,M,13
1451,1880,Garrett,M,13
1452,1880,Isham,M,13
1453,1880,Johnson,M,13
1454,1880,Larry,M,13
1455,1880,Logan,M,13
1456,1880,Merrill,M,13
1457,1880,Mont,M,13
1458,1880,Oren,M,13
1459,1880,Pierre,M,13
1460,1880,Rex,M,13
1461,1880,Rodney,M,13
1462,1880,Ted,M,13
1463,1880,Webster,M,13
1464,1880,West,M,13
1465,1880,Wheeler,M,13
1466,1880,Willam,M,13
1467,1880,Al,M,12
1468,1880,Aloysius,M,12
1469,1880,Alvie,M,12
1470,1880,Anna,M,12
1471,1880,Art,M,12
1472,1880,Augustine,M,12
1473,1880,Bailey,M,12
1474,1880,Benjaman,M,12
1475,1880,Beverly,M,12
1476,1880,Bishop,M,12
1477,1880,Clair,M,12
1478,1880,Cloyd,M,12
1479,1880,Coleman,M,12
1480,1880,Dana,M,12
1481,1880,Duncan,M,12
1482,1880,Dwight,M,12
1483,1880,Emile,M,12
1484,1880,Evert,M,12
1485,1880,Henderson,M,12
1486,1880,Hunter,M,12
1487,1880,Jean,M,12
1488,1880,Lem,M,12
1489,1880,Luis,M,12
1490,1880,Mathias,M,12
1491,1880,Maynard,M,12
1492,1880,Miguel,M,12
1493,1880,Mortimer,M,12
1494,1880,Nels,M,12
1495,1880,Norris,M,12
1496,1880,Pat,M,12
1497,1880,Phil,M,12
1498,1880,Rush,M,12
1499,1880,Santiago,M,12
1500,1880,Sol,M,12
1501,1880,Sydney,M,12
1502,1880,Thaddeus,M,12
1503,1880,Thornton,M,12
1504,1880,Tim,M,12
1505,1880,Travis,M,12
1506,1880,Truman,M,12
1507,1880,Watson,M,12
1508,1880,Webb,M,12
1509,1880,Wellington,M,12
1510,1880,Winfred,M,12
1511,1880,Wylie,M,12
1512,1880,Alec,M,11
1513,1880,Basil,M,11
1514,1880,Baxter,M,11
1515,1880,Bertrand,M,11
1516,1880,Buford,M,11
1517,1880,Burr,M,11
1518,1880,Cleveland,M,11
1519,1880,Colonel,M,11
1520,1880,Dempsey,M,11
1521,1880,Early,M,11
1522,1880,Ellsworth,M,11
1523,1880,Fate,M,11
1524,1880,Finley,M,11
1525,1880,Gabe,M,11
1526,1880,Garland,M,11
1527,1880,Gerald,M,11
1528,1880,Herschel,M,11
1529,1880,Hezekiah,M,11
1530,1880,Justus,M,11
1531,1880,Lindsey,M,11
1532,1880,Marcellus,M,11
1533,1880,Olaf,M,11
1534,1880,Olin,M,11
1535,1880,Pablo,M,11
1536,1880,Rolland,M,11
1537,1880,Turner,M,11
1538,1880,Verne,M,11
1539,1880,Volney,M,11
1540,1880,Williams,M,11
1541,1880,Almon,M,10
1542,1880,Alois,M,10
1543,1880,Alonza,M,10
1544,1880,Anson,M,10
1545,1880,Authur,M,10
1546,1880,Benton,M,10
1547,1880,Billie,M,10
1548,1880,Cornelious,M,10
1549,1880,Darius,M,10
1550,1880,Denis,M,10
1551,1880,Dillard,M,10
1552,1880,Doctor,M,10
1553,1880,Elvin,M,10
1554,1880,Emma,M,10
1555,1880,Eric,M,10
1556,1880,Evans,M,10
1557,1880,Gideon,M,10
1558,1880,Haywood,M,10
1559,1880,Hilliard,M,10
1560,1880,Hosea,M,10
1561,1880,Lincoln,M,10
1562,1880,Lonzo,M,10
1563,1880,Lucious,M,10
1564,1880,Lum,M,10
1565,1880,Malachi,M,10
1566,1880,Newt,M,10
1567,1880,Noel,M,10
1568,1880,Orie,M,10
1569,1880,Palmer,M,10
1570,1880,Pinkney,M,10
1571,1880,Shirley,M,10
1572,1880,Sumner,M,10
1573,1880,Terry,M,10
1574,1880,Urban,M,10
1575,1880,Uriah,M,10
1576,1880,Valentine,M,10
1577,1880,Waldo,M,10
1578,1880,Warner,M,10
1579,1880,Wong,M,10
1580,1880,Zeb,M,10
1581,1880,Abel,M,9
1582,1880,Alden,M,9
1583,1880,Archer,M,9
1584,1880,Avery,M,9
1585,1880,Carson,M,9
1586,1880,Cullen,M,9
1587,1880,Doc,M,9
1588,1880,Eben,M,9
1589,1880,Elige,M,9
1590,1880,Elizabeth,M,9
1591,1880,Elmore,M,9
1592,1880,Ernst,M,9
1593,1880,Finis,M,9
1594,1880,Freddie,M,9
1595,1880,Godfrey,M,9
1596,1880,Guss,M,9
1597,1880,Hamp,M,9
1598,1880,Hermann,M,9
1599,1880,Isadore,M,9
1600,1880,Isreal,M,9
1601,1880,Jones,M,9
1602,1880,June,M,9
1603,1880,Lacy,M,9
1604,1880,Lafe,M,9
1605,1880,Leland,M,9
1606,1880,Llewellyn,M,9
1607,1880,Ludwig,M,9
1608,1880,Manford,M,9
1609,1880,Maxwell,M,9
1610,1880,Minnie,M,9
1611,1880,Obie,M,9
1612,1880,Octave,M,9
1613,1880,Orrin,M,9
1614,1880,Ossie,M,9
1615,1880,Oswald,M,9
1616,1880,Park,M,9
1617,1880,Parley,M,9
1618,1880,Ramon,M,9
1619,1880,Rice,M,9
1620,1880,Stonewall,M,9
1621,1880,Theo,M,9
1622,1880,Tillman,M,9
1623,1880,Addie,M,8
1624,1880,Aron,M,8
1625,1880,Ashley,M,8
1626,1880,Bernhard,M,8
1627,1880,Bertie,M,8
1628,1880,Berton,M,8
1629,1880,Buster,M,8
1630,1880,Butler,M,8
1631,1880,Carleton,M,8
1632,1880,Carrie,M,8
1633,1880,Clara,M,8
1634,1880,Clarance,M,8
1635,1880,Clare,M,8
1636,1880,Crawford,M,8
1637,1880,Danial,M,8
1638,1880,Dayton,M,8
1639,1880,Dolphus,M,8
1640,1880,Elder,M,8
1641,1880,Ephriam,M,8
1642,1880,Fayette,M,8
1643,1880,Felipe,M,8
1644,1880,Fernando,M,8
1645,1880,Flem,M,8
1646,1880,Florence,M,8
1647,1880,Ford,M,8
1648,1880,Harlan,M,8
1649,1880,Hayes,M,8
1650,1880,Henery,M,8
1651,1880,Hoy,M,8
1652,1880,Huston,M,8
1653,1880,Ida,M,8
1654,1880,Ivory,M,8
1655,1880,Jonah,M,8
1656,1880,Justin,M,8
1657,1880,Lenard,M,8
1658,1880,Leopold,M,8
1659,1880,Lionel,M,8
1660,1880,Manley,M,8
1661,1880,Marquis,M,8
1662,1880,Marshal,M,8
1663,1880,Mart,M,8
1664,1880,Odie,M,8
1665,1880,Olen,M,8
1666,1880,Oral,M,8
1667,1880,Orley,M,8
1668,1880,Otha,M,8
1669,1880,Press,M,8
1670,1880,Price,M,8
1671,1880,Quincy,M,8
1672,1880,Randall,M,8
1673,1880,Rich,M,8
1674,1880,Richmond,M,8
1675,1880,Romeo,M,8
1676,1880,Russel,M,8
1677,1880,Rutherford,M,8
1678,1880,Shade,M,8
1679,1880,Shelby,M,8
1680,1880,Solon,M,8
1681,1880,Thurman,M,8
1682,1880,Tilden,M,8
1683,1880,Troy,M,8
1684,1880,Woodson,M,8
1685,1880,Worth,M,8
1686,1880,Aden,M,7
1687,1880,Alcide,M,7
1688,1880,Alf,M,7
1689,1880,Algie,M,7
1690,1880,Arlie,M,7
1691,1880,Bart,M,7
1692,1880,Bedford,M,7
1693,1880,Benito,M,7
1694,1880,Billy,M,7
1695,1880,Bird,M,7
1696,1880,Birt,M,7
1697,1880,Bruno,M,7
1698,1880,Burley,M,7
1699,1880,Chancy,M,7
1700,1880,Claus,M,7
1701,1880,Cliff,M,7
1702,1880,Clovis,M,7
1703,1880,Connie,M,7
1704,1880,Creed,M,7
1705,1880,Delos,M,7
1706,1880,Duke,M,7
1707,1880,Eber,M,7
1708,1880,Eligah,M,7
1709,1880,Elliot,M,7
1710,1880,Elton,M,7
1711,1880,Emmitt,M,7
1712,1880,Gene,M,7
1713,1880,Golden,M,7
1714,1880,Hal,M,7
1715,1880,Hardin,M,7
1716,1880,Harman,M,7
1717,1880,Hervey,M,7
1718,1880,Hollis,M,7
1719,1880,Ivey,M,7
1720,1880,Jennie,M,7
1721,1880,Len,M,7
1722,1880,Lindsay,M,7
1723,1880,Lonie,M,7
1724,1880,Lyle,M,7
1725,1880,Mac,M,7
1726,1880,Mal,M,7
1727,1880,Math,M,7
1728,1880,Miller,M,7
1729,1880,Orson,M,7
1730,1880,Osborne,M,7
1731,1880,Percival,M,7
1732,1880,Pleas,M,7
1733,1880,Ples,M,7
1734,1880,Rafael,M,7
1735,1880,Raoul,M,7
1736,1880,Roderick,M,7
1737,1880,Rose,M,7
1738,1880,Shelton,M,7
1739,1880,Sid,M,7
1740,1880,Theron,M,7
1741,1880,Tobias,M,7
1742,1880,Toney,M,7
1743,1880,Tyler,M,7
1744,1880,Vance,M,7
1745,1880,Vivian,M,7
1746,1880,Walton,M,7
1747,1880,Watt,M,7
1748,1880,Weaver,M,7
1749,1880,Wilton,M,7
1750,1880,Adolf,M,6
1751,1880,Albin,M,6
1752,1880,Albion,M,6
1753,1880,Allison,M,6
1754,1880,Alpha,M,6
1755,1880,Alpheus,M,6
1756,1880,Anastacio,M,6
1757,1880,Andre,M,6
1758,1880,Annie,M,6
1759,1880,Arlington,M,6
1760,1880,Armand,M,6
1761,1880,Asberry,M,6
1762,1880,Asbury,M,6
1763,1880,Asher,M,6
1764,1880,Augustin,M,6
1765,1880,Auther,M,6
1766,1880,Author,M,6
1767,1880,Ballard,M,6
1768,1880,Blas,M,6
1769,1880,Caesar,M,6
1770,1880,Candido,M,6
1771,1880,Cato,M,6
1772,1880,Clarke,M,6
1773,1880,Clemente,M,6
1774,1880,Colin,M,6
1775,1880,Commodore,M,6
1776,1880,Cora,M,6
1777,1880,Coy,M,6
1778,1880,Cruz,M,6
1779,1880,Curt,M,6
1780,1880,Damon,M,6
1781,1880,Davie,M,6
1782,1880,Delmar,M,6
1783,1880,Dexter,M,6
1784,1880,Dora,M,6
1785,1880,Doss,M,6
1786,1880,Drew,M,6
1787,1880,Edson,M,6
1788,1880,Elam,M,6
1789,1880,Elihu,M,6
1790,1880,Eliza,M,6
1791,1880,Elsie,M,6
1792,1880,Erie,M,6
1793,1880,Ernie,M,6
1794,1880,Ethel,M,6
1795,1880,Ferd,M,6
1796,1880,Friend,M,6
1797,1880,Garry,M,6
1798,1880,Gary,M,6
1799,1880,Grace,M,6
1800,1880,Gustaf,M,6
1801,1880,Hallie,M,6
1802,1880,Hampton,M,6
1803,1880,Harrie,M,6
1804,1880,Hattie,M,6
1805,1880,Hence,M,6
1806,1880,Hillard,M,6
1807,1880,Hollie,M,6
1808,1880,Holmes,M,6
1809,1880,Hope,M,6
1810,1880,Hyman,M,6
1811,1880,Ishmael,M,6
1812,1880,Jarrett,M,6
1813,1880,Jessee,M,6
1814,1880,Joeseph,M,6
1815,1880,Junious,M,6
1816,1880,Kirk,M,6
1817,1880,Levy,M,6
1818,1880,Mervin,M,6
1819,1880,Michel,M,6
1820,1880,Milford,M,6
1821,1880,Mitchel,M,6
1822,1880,Nellie,M,6
1823,1880,Noble,M,6
1824,1880,Obed,M,6
1825,1880,Oda,M,6
1826,1880,Orren,M,6
1827,1880,Ottis,M,6
1828,1880,Rafe,M,6
1829,1880,Redden,M,6
1830,1880,Reese,M,6
1831,1880,Rube,M,6
1832,1880,Ruby,M,6
1833,1880,Rupert,M,6
1834,1880,Salomon,M,6
1835,1880,Sammie,M,6
1836,1880,Sanders,M,6
1837,1880,Soloman,M,6
1838,1880,Stacy,M,6
1839,1880,Stanford,M,6
1840,1880,Stanton,M,6
1841,1880,Thad,M,6
1842,1880,Titus,M,6
1843,1880,Tracy,M,6
1844,1880,Vernie,M,6
1845,1880,Wendell,M,6
1846,1880,Wilhelm,M,6
1847,1880,Willian,M,6
1848,1880,Yee,M,6
1849,1880,Zeke,M,6
1850,1880,Ab,M,5
1851,1880,Abbott,M,5
1852,1880,Agustus,M,5
1853,1880,Albertus,M,5
1854,1880,Almer,M,5
1855,1880,Alphonso,M,5
1856,1880,Alvia,M,5
1857,1880,Artie,M,5
1858,1880,Arvid,M,5
1859,1880,Ashby,M,5
1860,1880,Augusta,M,5
1861,1880,Aurthur,M,5
1862,1880,Babe,M,5
1863,1880,Baldwin,M,5
1864,1880,Barnett,M,5
1865,1880,Bartholomew,M,5
1866,1880,Barton,M,5
1867,1880,Bernie,M,5
1868,1880,Blaine,M,5
1869,1880,Boston,M,5
1870,1880,Brad,M,5
1871,1880,Bradford,M,5
1872,1880,Bradley,M,5
1873,1880,Brooks,M,5
1874,1880,Buck,M,5
1875,1880,Budd,M,5
1876,1880,Ceylon,M,5
1877,1880,Chalmers,M,5
1878,1880,Chesley,M,5
1879,1880,Chin,M,5
1880,1880,Cleo,M,5
1881,1880,Crockett,M,5
1882,1880,Cyril,M,5
1883,1880,Daisy,M,5
1884,1880,Denver,M,5
1885,1880,Dow,M,5
1886,1880,Duff,M,5
1887,1880,Edie,M,5
1888,1880,Edith,M,5
1889,1880,Elick,M,5
1890,1880,Elie,M,5
1891,1880,Eliga,M,5
1892,1880,Eliseo,M,5
1893,1880,Elroy,M,5
1894,1880,Ely,M,5
1895,1880,Ennis,M,5
1896,1880,Enrique,M,5
1897,1880,Erasmus,M,5
1898,1880,Esau,M,5
1899,1880,Everette,M,5
1900,1880,Firman,M,5
1901,1880,Fleming,M,5
1902,1880,Flora,M,5
1903,1880,Gardner,M,5
1904,1880,Gee,M,5
1905,1880,Gorge,M,5
1906,1880,Gottlieb,M,5
1907,1880,Gregorio,M,5
1908,1880,Gregory,M,5
1909,1880,Gustavus,M,5
1910,1880,Halsey,M,5
1911,1880,Handy,M,5
1912,1880,Hardie,M,5
1913,1880,Harl,M,5
1914,1880,Hayden,M,5
1915,1880,Hays,M,5
1916,1880,Hermon,M,5
1917,1880,Hershel,M,5
1918,1880,Holly,M,5
1919,1880,Hosteen,M,5
1920,1880,Hoyt,M,5
1921,1880,Hudson,M,5
1922,1880,Huey,M,5
1923,1880,Humphrey,M,5
1924,1880,Hunt,M,5
1925,1880,Hyrum,M,5
1926,1880,Irven,M,5
1927,1880,Isam,M,5
1928,1880,Ivy,M,5
1929,1880,Jabez,M,5
1930,1880,Jewel,M,5
1931,1880,Jodie,M,5
1932,1880,Judd,M,5
1933,1880,Julious,M,5
1934,1880,Justice,M,5
1935,1880,Katherine,M,5
1936,1880,Kelly,M,5
1937,1880,Kit,M,5
1938,1880,Knute,M,5
1939,1880,Lavern,M,5
1940,1880,Lawyer,M,5
1941,1880,Layton,M,5
0,1880,Mary,F,7065
1,1880,Anna,F,2604
2,1880,Emma,F,2003
3,1880,Elizabeth,F,1939
4,1880,Minnie,F,1746
5,1880,Margaret,F,1578
6,1880,Ida,F,1472
7,1880,Alice,F,1414
8,1880,Bertha,F,1320
9,1880,Sarah,F,1288
10,1880,Annie,F,1258
11,1880,Clara,F,1226
12,1880,Ella,F,1156
13,1880,Florence,F,1063
14,1880,Cora,F,1045
15,1880,Martha,F,1040
16,1880,Laura,F,1012
17,1880,Nellie,F,995
18,1880,Grace,F,982
19,1880,Carrie,F,949
20,1880,Maude,F,859
21,1880,Mabel,F,808
22,1880,Bessie,F,796
23,1880,Jennie,F,793
24,1880,Gertrude,F,787
25,1880,Julia,F,783
26,1880,Hattie,F,769
27,1880,Edith,F,768
28,1880,Mattie,F,704
29,1880,Rose,F,700
30,1880,Catherine,F,688
31,1880,Lillian,F,672
32,1880,Ada,F,652
33,1880,Lillie,F,647
34,1880,Helen,F,636
35,1880,Jessie,F,635
36,1880,Louise,F,635
37,1880,Ethel,F,633
38,1880,Lula,F,621
39,1880,Myrtle,F,615
40,1880,Eva,F,614
41,1880,Frances,F,605
42,1880,Lena,F,603
43,1880,Lucy,F,590
44,1880,Edna,F,588
45,1880,Maggie,F,582
46,1880,Pearl,F,569
47,1880,Daisy,F,564
48,1880,Fannie,F,560
49,1880,Josephine,F,544
50,1880,Dora,F,524
51,1880,Rosa,F,507
52,1880,Katherine,F,502
53,1880,Agnes,F,473
54,1880,Marie,F,471
55,1880,Nora,F,471
56,1880,May,F,462
57,1880,Mamie,F,436
58,1880,Blanche,F,427
59,1880,Stella,F,414
60,1880,Ellen,F,411
61,1880,Nancy,F,410
62,1880,Effie,F,406
63,1880,Sallie,F,404
64,1880,Nettie,F,403
65,1880,Della,F,391
66,1880,Lizzie,F,388
67,1880,Flora,F,365
68,1880,Susie,F,361
69,1880,Maud,F,345
70,1880,Mae,F,344
71,1880,Etta,F,323
72,1880,Harriet,F,319
73,1880,Sadie,F,317
74,1880,Caroline,F,306
75,1880,Katie,F,303
76,1880,Lydia,F,302
77,1880,Elsie,F,301
78,1880,Kate,F,299
79,1880,Susan,F,286
80,1880,Mollie,F,283
81,1880,Alma,F,277
82,1880,Addie,F,274
83,1880,Georgia,F,259
84,1880,Eliza,F,252
85,1880,Lulu,F,249
86,1880,Nannie,F,248
87,1880,Lottie,F,245
88,1880,Amanda,F,241
89,1880,Belle,F,238
90,1880,Charlotte,F,237
91,1880,Rebecca,F,236
92,1880,Ruth,F,234
93,1880,Viola,F,229
94,1880,Olive,F,224
95,1880,Amelia,F,221
96,1880,Hannah,F,221
97,1880,Jane,F,215
98,1880,Virginia,F,213
99,1880,Emily,F,210
100,1880,Matilda,F,210
101,1880,Irene,F,204
102,1880,Kathryn,F,204
103,1880,Esther,F,198
104,1880,Willie,F,192
105,1880,Henrietta,F,191
106,1880,Ollie,F,183
107,1880,Amy,F,167
108,1880,Rachel,F,166
109,1880,Sara,F,165
110,1880,Estella,F,162
111,1880,Theresa,F,153
112,1880,Augusta,F,151
113,1880,Ora,F,149
114,1880,Pauline,F,144
115,1880,Josie,F,141
116,1880,Lola,F,138
117,1880,Sophia,F,138
118,1880,Leona,F,137
119,1880,Anne,F,136
120,1880,Mildred,F,132
121,1880,Ann,F,131
122,1880,Beulah,F,131
123,1880,Callie,F,131
124,1880,Lou,F,131
125,1880,Delia,F,129
126,1880,Eleanor,F,129
127,1880,Barbara,F,127
128,1880,Iva,F,127
129,1880,Louisa,F,126
130,1880,Maria,F,125
131,1880,Mayme,F,124
132,1880,Evelyn,F,122
133,1880,Estelle,F,119
134,1880,Nina,F,119
135,1880,Betty,F,117
136,1880,Marion,F,115
137,1880,Bettie,F,113
138,1880,Dorothy,F,112
139,1880,Luella,F,111
140,1880,Inez,F,106
141,1880,Lela,F,106
142,1880,Rosie,F,106
143,1880,Allie,F,105
144,1880,Millie,F,105
145,1880,Janie,F,96
146,1880,Cornelia,F,94
147,1880,Victoria,F,93
148,1880,Ruby,F,92
149,1880,Winifred,F,92
150,1880,Alta,F,91
151,1880,Celia,F,90
152,1880,Christine,F,89
153,1880,Beatrice,F,87
154,1880,Birdie,F,85
155,1880,Harriett,F,83
156,1880,Mable,F,83
157,1880,Myra,F,83
158,1880,Sophie,F,83
159,1880,Tillie,F,83
160,1880,Isabel,F,81
161,1880,Sylvia,F,81
162,1880,Carolyn,F,80
163,1880,Isabelle,F,80
164,1880,Leila,F,80
165,1880,Sally,F,80
166,1880,Ina,F,79
167,1880,Essie,F,78
168,1880,Bertie,F,77
169,1880,Nell,F,77
170,1880,Alberta,F,76
171,1880,Katharine,F,76
172,1880,Lora,F,74
173,1880,Rena,F,74
174,1880,Mina,F,73
175,1880,Rhoda,F,73
176,1880,Mathilda,F,72
177,1880,Abbie,F,71
178,1880,Eula,F,70
179,1880,Dollie,F,69
180,1880,Hettie,F,69
181,1880,Eunice,F,67
182,1880,Fanny,F,67
183,1880,Ola,F,67
184,1880,Lenora,F,66
185,1880,Adelaide,F,65
186,1880,Christina,F,65
187,1880,Lelia,F,65
188,1880,Nelle,F,65
189,1880,Sue,F,65
190,1880,Johanna,F,64
191,1880,Lilly,F,64
192,1880,Lucinda,F,63
193,1880,Minerva,F,63
194,1880,Lettie,F,62
195,1880,Roxie,F,62
196,1880,Cynthia,F,61
197,1880,Helena,F,60
198,1880,Hilda,F,60
199,1880,Hulda,F,60
200,1880,Bernice,F,59
201,1880,Genevieve,F,59
202,1880,Jean,F,59
203,1880,Cordelia,F,58
204,1880,Marian,F,56
205,1880,Francis,F,55
206,1880,Jeanette,F,55
207,1880,Adeline,F,54
208,1880,Gussie,F,54
209,1880,Leah,F,54
210,1880,Lois,F,53
211,1880,Lura,F,53
212,1880,Mittie,F,53
213,1880,Hallie,F,51
214,1880,Isabella,F,50
215,1880,Olga,F,50
216,1880,Phoebe,F,50
217,1880,Teresa,F,50
218,1880,Hester,F,49
219,1880,Lida,F,49
220,1880,Lina,F,49
221,1880,Winnie,F,49
222,1880,Claudia,F,48
223,1880,Marguerite,F,48
224,1880,Vera,F,48
225,1880,Cecelia,F,47
226,1880,Bess,F,46
227,1880,Emilie,F,46
228,1880,John,F,46
229,1880,Rosetta,F,46
230,1880,Verna,F,46
231,1880,Myrtie,F,45
232,1880,Cecilia,F,44
233,1880,Elva,F,44
234,1880,Olivia,F,44
235,1880,Ophelia,F,44
236,1880,Georgie,F,43
237,1880,Elnora,F,42
238,1880,Violet,F,42
239,1880,Adele,F,41
240,1880,Lily,F,41
241,1880,Linnie,F,41
242,1880,Loretta,F,41
243,1880,Madge,F,41
244,1880,Polly,F,41
245,1880,Virgie,F,41
246,1880,Eugenia,F,40
247,1880,Lucile,F,40
248,1880,Lucille,F,40
249,1880,Mabelle,F,39
250,1880,Rosalie,F,39
251,1880,Kittie,F,38
252,1880,Meta,F,37
253,1880,Angie,F,36
254,1880,Dessie,F,36
255,1880,Georgiana,F,36
256,1880,Lila,F,36
257,1880,Regina,F,36
258,1880,Selma,F,36
259,1880,Wilhelmina,F,36
260,1880,Bridget,F,35
261,1880,Lilla,F,35
262,1880,Malinda,F,35
263,1880,Vina,F,35
264,1880,Freda,F,34
265,1880,Gertie,F,34
266,1880,Jeannette,F,34
267,1880,Louella,F,34
268,1880,Mandy,F,34
269,1880,Roberta,F,34
270,1880,Cassie,F,33
271,1880,Corinne,F,33
272,1880,Ivy,F,33
273,1880,Melissa,F,33
274,1880,Lyda,F,32
275,1880,Naomi,F,32
276,1880,Norma,F,32
277,1880,Bell,F,31
278,1880,Margie,F,31
279,1880,Nona,F,31
280,1880,Zella,F,31
281,1880,Dovie,F,30
282,1880,Elvira,F,30
283,1880,Erma,F,30
284,1880,Irma,F,30
285,1880,Leota,F,30
286,1880,William,F,30
287,1880,Artie,F,29
288,1880,Blanch,F,29
289,1880,Charity,F,29
290,1880,Lorena,F,29
291,1880,Lucretia,F,29
292,1880,Orpha,F,29
293,1880,Alvina,F,28
294,1880,Annette,F,28
295,1880,Catharine,F,28
296,1880,Elma,F,28
297,1880,Geneva,F,28
298,1880,Janet,F,28
299,1880,Lee,F,28
300,1880,Leora,F,28
301,1880,Lona,F,28
302,1880,Miriam,F,28
303,1880,Zora,F,28
304,1880,Linda,F,27
305,1880,Octavia,F,27
306,1880,Sudie,F,27
307,1880,Zula,F,27
308,1880,Adella,F,26
309,1880,Alpha,F,26
310,1880,Frieda,F,26
311,1880,George,F,26
312,1880,Joanna,F,26
313,1880,Leonora,F,26
314,1880,Priscilla,F,26
315,1880,Tennie,F,26
316,1880,Angeline,F,25
317,1880,Docia,F,25
318,1880,Ettie,F,25
319,1880,Flossie,F,25
320,1880,Hanna,F,25
321,1880,Letha,F,25
322,1880,Minta,F,25
323,1880,Retta,F,25
324,1880,Rosella,F,25
325,1880,Adah,F,24
326,1880,Berta,F,24
327,1880,Elisabeth,F,24
328,1880,Elise,F,24
329,1880,Goldie,F,24
330,1880,Leola,F,24
331,1880,Margret,F,24
332,1880,Adaline,F,23
333,1880,Floy,F,23
334,1880,Idella,F,23
335,1880,Juanita,F,23
336,1880,Lenna,F,23
337,1880,Lucie,F,23
338,1880,Missouri,F,23
339,1880,Nola,F,23
340,1880,Zoe,F,23
341,1880,Eda,F,22
342,1880,Isabell,F,22
343,1880,James,F,22
344,1880,Julie,F,22
345,1880,Letitia,F,22
346,1880,Madeline,F,22
347,1880,Malissa,F,22
348,1880,Mariah,F,22
349,1880,Pattie,F,22
350,1880,Vivian,F,22
351,1880,Almeda,F,21
352,1880,Aurelia,F,21
353,1880,Claire,F,21
354,1880,Dolly,F,21
355,1880,Hazel,F,21
356,1880,Jannie,F,21
357,1880,Kathleen,F,21
358,1880,Kathrine,F,21
359,1880,Lavinia,F,21
360,1880,Marietta,F,21
361,1880,Melvina,F,21
362,1880,Ona,F,21
363,1880,Pinkie,F,21
364,1880,Samantha,F,21
365,1880,Susanna,F,21
366,1880,Chloe,F,20
367,1880,Donnie,F,20
368,1880,Elsa,F,20
369,1880,Gladys,F,20
370,1880,Matie,F,20
371,1880,Pearle,F,20
372,1880,Vesta,F,20
373,1880,Vinnie,F,20
374,1880,Antoinette,F,19
375,1880,Clementine,F,19
376,1880,Edythe,F,19
377,1880,Harriette,F,19
378,1880,Libbie,F,19
379,1880,Lilian,F,19
380,1880,Lue,F,19
381,1880,Lutie,F,19
382,1880,Magdalena,F,19
383,1880,Meda,F,19
384,1880,Rita,F,19
385,1880,Tena,F,19
386,1880,Zelma,F,19
387,1880,Adelia,F,18
388,1880,Annetta,F,18
389,1880,Antonia,F,18
390,1880,Dona,F,18
391,1880,Elizebeth,F,18
392,1880,Georgianna,F,18
393,1880,Gracie,F,18
394,1880,Iona,F,18
395,1880,Lessie,F,18
396,1880,Leta,F,18
397,1880,Liza,F,18
398,1880,Mertie,F,18
399,1880,Molly,F,18
400,1880,Neva,F,18
401,1880,Oma,F,18
402,1880,Alida,F,17
403,1880,Alva,F,17
404,1880,Cecile,F,17
405,1880,Cleo,F,17
406,1880,Donna,F,17
407,1880,Ellie,F,17
408,1880,Ernestine,F,17
409,1880,Evie,F,17
410,1880,Frankie,F,17
411,1880,Helene,F,17
412,1880,Minna,F,17
413,1880,Myrta,F,17
414,1880,Prudence,F,17
415,1880,Queen,F,17
416,1880,Rilla,F,17
417,1880,Savannah,F,17
418,1880,Tessie,F,17
419,1880,Tina,F,17
420,1880,Agatha,F,16
421,1880,America,F,16
422,1880,Anita,F,16
423,1880,Arminta,F,16
424,1880,Dorothea,F,16
425,1880,Ira,F,16
426,1880,Luvenia,F,16
427,1880,Marjorie,F,16
428,1880,Maybelle,F,16
429,1880,Mellie,F,16
430,1880,Nan,F,16
431,1880,Pearlie,F,16
432,1880,Sidney,F,16
433,1880,Velma,F,16
434,1880,Clare,F,15
435,1880,Constance,F,15
436,1880,Dixie,F,15
437,1880,Ila,F,15
438,1880,Iola,F,15
439,1880,Jimmie,F,15
440,1880,Louvenia,F,15
441,1880,Lucia,F,15
442,1880,Ludie,F,15
443,1880,Luna,F,15
444,1880,Metta,F,15
445,1880,Patsy,F,15
446,1880,Phebe,F,15
447,1880,Sophronia,F,15
448,1880,Adda,F,14
449,1880,Avis,F,14
450,1880,Betsy,F,14
451,1880,Bonnie,F,14
452,1880,Cecil,F,14
453,1880,Cordie,F,14
454,1880,Emmaline,F,14
455,1880,Ethelyn,F,14
456,1880,Hortense,F,14
457,1880,June,F,14
458,1880,Louie,F,14
459,1880,Lovie,F,14
460,1880,Marcella,F,14
461,1880,Melinda,F,14
462,1880,Mona,F,14
463,1880,Odessa,F,14
464,1880,Veronica,F,14
465,1880,Aimee,F,13
466,1880,Annabel,F,13
467,1880,Ava,F,13
468,1880,Bella,F,13
469,1880,Carolina,F,13
470,1880,Cathrine,F,13
471,1880,Christena,F,13
472,1880,Clyde,F,13
473,1880,Dena,F,13
474,1880,Dolores,F,13
475,1880,Eleanore,F,13
476,1880,Elmira,F,13
477,1880,Fay,F,13
478,1880,Frank,F,13
479,1880,Jenny,F,13
480,1880,Kizzie,F,13
481,1880,Lonnie,F,13
482,1880,Loula,F,13
483,1880,Magdalene,F,13
484,1880,Mettie,F,13
485,1880,Mintie,F,13
486,1880,Peggy,F,13
487,1880,Reba,F,13
488,1880,Serena,F,13
489,1880,Vida,F,13
490,1880,Zada,F,13
491,1880,Abigail,F,12
492,1880,Celestine,F,12
493,1880,Celina,F,12
494,1880,Claudie,F,12
495,1880,Clemmie,F,12
496,1880,Connie,F,12
497,1880,Daisie,F,12
498,1880,Deborah,F,12
499,1880,Dessa,F,12
500,1880,Easter,F,12
501,1880,Eddie,F,12
502,1880,Emelia,F,12
503,1880,Emmie,F,12
504,1880,Imogene,F,12
505,1880,India,F,12
506,1880,Jeanne,F,12
507,1880,Joan,F,12
508,1880,Lenore,F,12
509,1880,Liddie,F,12
510,1880,Lotta,F,12
511,1880,Mame,F,12
512,1880,Nevada,F,12
513,1880,Rachael,F,12
514,1880,Robert,F,12
515,1880,Sina,F,12
516,1880,Willa,F,12
517,1880,Aline,F,11
518,1880,Beryl,F,11
519,1880,Charles,F,11
520,1880,Daisey,F,11
521,1880,Dorcas,F,11
522,1880,Edmonia,F,11
523,1880,Effa,F,11
524,1880,Eldora,F,11
525,1880,Eloise,F,11
526,1880,Emmer,F,11
527,1880,Era,F,11
528,1880,Gena,F,11
529,1880,Henry,F,11
530,1880,Iris,F,11
531,1880,Izora,F,11
532,1880,Lennie,F,11
533,1880,Lissie,F,11
534,1880,Mallie,F,11
535,1880,Malvina,F,11
536,1880,Mathilde,F,11
537,1880,Mazie,F,11
538,1880,Queenie,F,11
539,1880,Rosina,F,11
540,1880,Salome,F,11
541,1880,Theodora,F,11
542,1880,Therese,F,11
543,1880,Vena,F,11
544,1880,Wanda,F,11
545,1880,Wilda,F,11
546,1880,Altha,F,10
547,1880,Anastasia,F,10
548,1880,Besse,F,10
549,1880,Bird,F,10
550,1880,Birtie,F,10
551,1880,Clarissa,F,10
552,1880,Claude,F,10
553,1880,Delilah,F,10
554,1880,Diana,F,10
555,1880,Emelie,F,10
556,1880,Erna,F,10
557,1880,Fern,F,10
558,1880,Florida,F,10
559,1880,Frona,F,10
560,1880,Hilma,F,10
561,1880,Joseph,F,10
562,1880,Juliet,F,10
563,1880,Leonie,F,10
564,1880,Lugenia,F,10
565,1880,Mammie,F,10
566,1880,Manda,F,10
567,1880,Manerva,F,10
568,1880,Manie,F,10
569,1880,Nella,F,10
570,1880,Paulina,F,10
571,1880,Philomena,F,10
572,1880,Rae,F,10
573,1880,Selina,F,10
574,1880,Sena,F,10
575,1880,Theodosia,F,10
576,1880,Tommie,F,10
577,1880,Una,F,10
578,1880,Vernie,F,10
579,1880,Adela,F,9
580,1880,Althea,F,9
581,1880,Amalia,F,9
582,1880,Amber,F,9
583,1880,Angelina,F,9
584,1880,Annabelle,F,9
585,1880,Anner,F,9
586,1880,Arie,F,9
587,1880,Clarice,F,9
588,1880,Corda,F,9
589,1880,Corrie,F,9
590,1880,Dell,F,9
591,1880,Dellar,F,9
592,1880,Donie,F,9
593,1880,Doris,F,9
594,1880,Elda,F,9
595,1880,Elinor,F,9
596,1880,Emeline,F,9
597,1880,Emilia,F,9
598,1880,Esta,F,9
599,1880,Estell,F,9
600,1880,Etha,F,9
601,1880,Fred,F,9
602,1880,Hope,F,9
603,1880,Indiana,F,9
604,1880,Ione,F,9
605,1880,Jettie,F,9
606,1880,Johnnie,F,9
607,1880,Josiephine,F,9
608,1880,Kitty,F,9
609,1880,Lavina,F,9
610,1880,Leda,F,9
611,1880,Letta,F,9
612,1880,Mahala,F,9
613,1880,Marcia,F,9
614,1880,Margarette,F,9
615,1880,Maudie,F,9
616,1880,Maye,F,9
617,1880,Norah,F,9
618,1880,Oda,F,9
619,1880,Patty,F,9
620,1880,Paula,F,9
621,1880,Permelia,F,9
622,1880,Rosalia,F,9
623,1880,Roxanna,F,9
624,1880,Sula,F,9
625,1880,Vada,F,9
626,1880,Winnifred,F,9
627,1880,Adline,F,8
628,1880,Almira,F,8
629,1880,Alvena,F,8
630,1880,Arizona,F,8
631,1880,Becky,F,8
632,1880,Bennie,F,8
633,1880,Bernadette,F,8
634,1880,Camille,F,8
635,1880,Cordia,F,8
636,1880,Corine,F,8
637,1880,Dicie,F,8
638,1880,Dove,F,8
639,1880,Drusilla,F,8
640,1880,Elena,F,8
641,1880,Elenora,F,8
642,1880,Elmina,F,8
643,1880,Ethyl,F,8
644,1880,Evalyn,F,8
645,1880,Evelina,F,8
646,1880,Faye,F,8
647,1880,Huldah,F,8
648,1880,Idell,F,8
649,1880,Inga,F,8
650,1880,Irena,F,8
651,1880,Jewell,F,8
652,1880,Kattie,F,8
653,1880,Lavenia,F,8
654,1880,Leslie,F,8
655,1880,Lovina,F,8
656,1880,Lulie,F,8
657,1880,Magnolia,F,8
658,1880,Margeret,F,8
659,1880,Margery,F,8
660,1880,Media,F,8
661,1880,Millicent,F,8
662,1880,Nena,F,8
663,1880,Ocie,F,8
664,1880,Orilla,F,8
665,1880,Osie,F,8
666,1880,Pansy,F,8
667,1880,Ray,F,8
668,1880,Rosia,F,8
669,1880,Rowena,F,8
670,1880,Shirley,F,8
671,1880,Tabitha,F,8
672,1880,Thomas,F,8
673,1880,Verdie,F,8
674,1880,Walter,F,8
675,1880,Zetta,F,8
676,1880,Zoa,F,8
677,1880,Zona,F,8
678,1880,Albertina,F,7
679,1880,Albina,F,7
680,1880,Alyce,F,7
681,1880,Amie,F,7
682,1880,Angela,F,7
683,1880,Annis,F,7
684,1880,Carol,F,7
685,1880,Carra,F,7
686,1880,Clarence,F,7
687,1880,Clarinda,F,7
688,1880,Delphia,F,7
689,1880,Dillie,F,7
690,1880,Doshie,F,7
691,1880,Drucilla,F,7
692,1880,Etna,F,7
693,1880,Eugenie,F,7
694,1880,Eulalia,F,7
695,1880,Eve,F,7
696,1880,Felicia,F,7
697,1880,Florance,F,7
698,1880,Fronie,F,7
699,1880,Geraldine,F,7
700,1880,Gina,F,7
701,1880,Glenna,F,7
702,1880,Grayce,F,7
703,1880,Hedwig,F,7
704,1880,Jessica,F,7
705,1880,Jossie,F,7
706,1880,Katheryn,F,7
707,1880,Katy,F,7
708,1880,Lea,F,7
709,1880,Leanna,F,7
710,1880,Leitha,F,7
711,1880,Leone,F,7
712,1880,Lidie,F,7
713,1880,Loma,F,7
714,1880,Lular,F,7
715,1880,Magdalen,F,7
716,1880,Maymie,F,7
717,1880,Minervia,F,7
718,1880,Muriel,F,7
719,1880,Neppie,F,7
720,1880,Olie,F,7
721,1880,Onie,F,7
722,1880,Osa,F,7
723,1880,Otelia,F,7
724,1880,Paralee,F,7
725,1880,Patience,F,7
726,1880,Rella,F,7
727,1880,Rillie,F,7
728,1880,Rosanna,F,7
729,1880,Theo,F,7
730,1880,Tilda,F,7
731,1880,Tishie,F,7
732,1880,Tressa,F,7
733,1880,Viva,F,7
734,1880,Yetta,F,7
735,1880,Zena,F,7
736,1880,Zola,F,7
737,1880,Abby,F,6
738,1880,Aileen,F,6
739,1880,Alba,F,6
740,1880,Alda,F,6
741,1880,Alla,F,6
742,1880,Alverta,F,6
743,1880,Ara,F,6
744,1880,Ardelia,F,6
745,1880,Ardella,F,6
746,1880,Arrie,F,6
747,1880,Arvilla,F,6
748,1880,Augustine,F,6
749,1880,Aurora,F,6
750,1880,Bama,F,6
751,1880,Bena,F,6
752,1880,Byrd,F,6
753,1880,Calla,F,6
754,1880,Camilla,F,6
755,1880,Carey,F,6
756,1880,Carlotta,F,6
757,1880,Celestia,F,6
758,1880,Cherry,F,6
759,1880,Cinda,F,6
760,1880,Classie,F,6
761,1880,Claudine,F,6
762,1880,Clemie,F,6
763,1880,Clifford,F,6
764,1880,Clyda,F,6
765,1880,Creola,F,6
766,1880,Debbie,F,6
767,1880,Dee,F,6
768,1880,Dinah,F,6
769,1880,Doshia,F,6
770,1880,Ednah,F,6
771,1880,Edyth,F,6
772,1880,Eleanora,F,6
773,1880,Electa,F,6
774,1880,Eola,F,6
775,1880,Erie,F,6
776,1880,Eudora,F,6
777,1880,Euphemia,F,6
778,1880,Evalena,F,6
779,1880,Evaline,F,6
780,1880,Faith,F,6
781,1880,Fidelia,F,6
782,1880,Freddie,F,6
783,1880,Golda,F,6
784,1880,Harry,F,6
785,1880,Helma,F,6
786,1880,Hermine,F,6
787,1880,Hessie,F,6
788,1880,Ivah,F,6
789,1880,Janette,F,6
790,1880,Jennette,F,6
791,1880,Joella,F,6
792,1880,Kathryne,F,6
793,1880,Lacy,F,6
794,1880,Lanie,F,6
795,1880,Lauretta,F,6
796,1880,Leana,F,6
797,1880,Leatha,F,6
798,1880,Leo,F,6
799,1880,Liller,F,6
800,1880,Lillis,F,6
801,1880,Louetta,F,6
802,1880,Madie,F,6
803,1880,Mai,F,6
804,1880,Martina,F,6
805,1880,Maryann,F,6
806,1880,Melva,F,6
807,1880,Mena,F,6
808,1880,Mercedes,F,6
809,1880,Merle,F,6
810,1880,Mima,F,6
811,1880,Minda,F,6
812,1880,Monica,F,6
813,1880,Nealie,F,6
814,1880,Netta,F,6
815,1880,Nolia,F,6
816,1880,Nonie,F,6
817,1880,Odelia,F,6
818,1880,Ottilie,F,6
819,1880,Phyllis,F,6
820,1880,Robbie,F,6
821,1880,Sabina,F,6
822,1880,Sada,F,6
823,1880,Sammie,F,6
824,1880,Suzanne,F,6
825,1880,Sybilla,F,6
826,1880,Thea,F,6
827,1880,Tressie,F,6
828,1880,Vallie,F,6
829,1880,Venie,F,6
830,1880,Viney,F,6
831,1880,Wilhelmine,F,6
832,1880,Winona,F,6
833,1880,Zelda,F,6
834,1880,Zilpha,F,6
835,1880,Adelle,F,5
836,1880,Adina,F,5
837,1880,Adrienne,F,5
838,1880,Albertine,F,5
839,1880,Alys,F,5
840,1880,Ana,F,5
841,1880,Araminta,F,5
842,1880,Arthur,F,5
843,1880,Birtha,F,5
844,1880,Bulah,F,5
845,1880,Caddie,F,5
846,1880,Celie,F,5
847,1880,Charlotta,F,5
848,1880,Clair,F,5
849,1880,Concepcion,F,5
850,1880,Cordella,F,5
851,1880,Corrine,F,5
852,1880,Delila,F,5
853,1880,Delphine,F,5
854,1880,Dosha,F,5
855,1880,Edgar,F,5
856,1880,Elaine,F,5
857,1880,Elisa,F,5
858,1880,Ellar,F,5
859,1880,Elmire,F,5
860,1880,Elvina,F,5
861,1880,Ena,F,5
862,1880,Estie,F,5
863,1880,Etter,F,5
864,1880,Fronnie,F,5
865,1880,Genie,F,5
866,1880,Georgina,F,5
867,1880,Glenn,F,5
868,1880,Gracia,F,5
869,1880,Guadalupe,F,5
870,1880,Gwendolyn,F,5
871,1880,Hassie,F,5
872,1880,Honora,F,5
873,1880,Icy,F,5
874,1880,Isa,F,5
875,1880,Isadora,F,5
876,1880,Jesse,F,5
877,1880,Jewel,F,5
878,1880,Joe,F,5
879,1880,Johannah,F,5
880,1880,Juana,F,5
881,1880,Judith,F,5
882,1880,Judy,F,5
883,1880,Junie,F,5
884,1880,Lavonia,F,5
885,1880,Lella,F,5
886,1880,Lemma,F,5
887,1880,Letty,F,5
888,1880,Linna,F,5
889,1880,Littie,F,5
890,1880,Lollie,F,5
891,1880,Lorene,F,5
892,1880,Louis,F,5
893,1880,Love,F,5
894,1880,Lovisa,F,5
895,1880,Lucina,F,5
896,1880,Lynn,F,5
897,1880,Madora,F,5
898,1880,Mahalia,F,5
899,1880,Manervia,F,5
900,1880,Manuela,F,5
901,1880,Margarett,F,5
902,1880,Margaretta,F,5
903,1880,Margarita,F,5
904,1880,Marilla,F,5
905,1880,Mignon,F,5
906,1880,Mozella,F,5
907,1880,Natalie,F,5
908,1880,Nelia,F,5
909,1880,Nolie,F,5
910,1880,Omie,F,5
911,1880,Opal,F,5
912,1880,Ossie,F,5
913,1880,Ottie,F,5
914,1880,Ottilia,F,5
915,1880,Parthenia,F,5
916,1880,Penelope,F,5
917,1880,Pinkey,F,5
918,1880,Pollie,F,5
919,1880,Rennie,F,5
920,1880,Reta,F,5
921,1880,Roena,F,5
922,1880,Rosalee,F,5
923,1880,Roseanna,F,5
924,1880,Ruthie,F,5
925,1880,Sabra,F,5
926,1880,Sannie,F,5
927,1880,Selena,F,5
928,1880,Sibyl,F,5
929,1880,Tella,F,5
930,1880,Tempie,F,5
931,1880,Tennessee,F,5
932,1880,Teressa,F,5
933,1880,Texas,F,5
934,1880,Theda,F,5
935,1880,Thelma,F,5
936,1880,Thursa,F,5
937,1880,Ula,F,5
938,1880,Vannie,F,5
939,1880,Verona,F,5
940,1880,Vertie,F,5
941,1880,Wilma,F,5
2000,1881,Mary,F,6919
2001,1881,Anna,F,2698
2002,1881,Emma,F,2034
2003,1881,Elizabeth,F,1852
2004,1881,Margaret,F,1658
2005,1881,Minnie,F,1653
2006,1881,Ida,F,1439
2007,1881,Annie,F,1326
2008,1881,Bertha,F,1324
2009,1881,Alice,F,1308
2010,1881,Clara,F,1242
2011,1881,Sarah,F,1226
2012,1881,Ella,F,1148
2013,1881,Nellie,F,1096
2014,1881,Grace,F,1089
2015,1881,Florence,F,1046
2016,1881,Martha,F,1044
2017,1881,Cora,F,969
2018,1881,Laura,F,962
2019,1881,Carrie,F,958
2020,1881,Maude,F,923
2021,1881,Bessie,F,903
2022,1881,Mabel,F,893
2023,1881,Gertrude,F,791
2024,1881,Ethel,F,788
2025,1881,Jennie,F,784
2026,1881,Edith,F,778
2027,1881,Hattie,F,775
2028,1881,Mattie,F,754
2029,1881,Julia,F,737
2030,1881,Rose,F,734
2031,1881,Lillian,F,723
2032,1881,Lillie,F,678
2033,1881,Eva,F,661
2034,1881,Jessie,F,661
2035,1881,Lula,F,655
2036,1881,Myrtle,F,643
2037,1881,Pearl,F,641
2038,1881,Edna,F,637
2039,1881,Catherine,F,635
2040,1881,Ada,F,628
2041,1881,Louise,F,617
2042,1881,Helen,F,612
2043,1881,Lucy,F,611
2044,1881,Frances,F,586
2045,1881,Dora,F,585
2046,1881,Fannie,F,565
2047,1881,Josephine,F,563
2048,1881,Daisy,F,562
2049,1881,Lena,F,555
2050,1881,Maggie,F,532
2051,1881,Katherine,F,504
2052,1881,Rosa,F,500
2053,1881,Marie,F,499
2054,1881,Nora,F,498
2055,1881,Effie,F,463
2056,1881,Blanche,F,456
2057,1881,May,F,451
